SNP,prob,log10.PO.,qval,alpha,fst
3912,0.96539,1.4455,0.016803,1.9114,0.035334
9676,0.9912,2.0516,0.0079016,2.0539,0.039677
9677,0.993,2.1518,0.0070014,2.0607,0.040171
10464,0.88698,0.89475,0.049076,1.6645,0.029974
11002,0.96159,1.3986,0.022204,2.0667,0.042657
13674,0.90738,0.99109,0.036287,1.732,0.031424
